{
  "project_info": {
    "project_number": "190361328356",
    "project_id": "app1-bc9e4",
    "storage_bucket": "app1-bc9e4.appspot.com"
  },
  "client": [
    {
      "client_info": {
        "mobilesdk_app_id": "1:190361328356:android:7632dd20c9c65c0c30aaf1",
        "android_client_info": {
          "package_name": "com.myapp"
        }
      },
      "oauth_client": [],
      "api_key": [
        {
          "current_key": "AIzaSyDQITxey_9N0Bb2oPqFa3z0prsI3yBBENo"
        }
      ],
      "services": {
        "appinvite_service": {
          "other_platform_oauth_client": []
        }
      }
    }
  ],
  "configuration_version": "1"
}